 {
            "total"     :  0.575411E+01,
            "predictor" :  0.994559E+00,
            "block"     :  0.539737E+01,
            "iteration" :  0.278643E+01,
            "sweep"     :[   0.128951E+01,   0.222459E+01]                           ,
            "feval"     :[   0.695475E-01,   0.810635E-01]                           ,
            "fcomp"     :[   0.124395E+01,   0.217645E+01]                           ,
            "residual"  :[   0.138255E-01,   0.309199E-01]                           ,
            "interp"    :[   0.000000E+00,   0.749806E-01]                           ,
            "restrict"  :[   0.000000E+00,   0.645468E-01]                           ,
            "broadcast" :[   0.604594E-01,   0.000000E+00]                           ,
            "receive"   :[   0.396108E+00,   0.000000E+00]                           ,
            "send"      :[   0.340898E-02,   0.167544E-03]                           ,
            "wait"      :[   0.334810E-04,   0.928280E-04]                           ,
            "pack"      :[   0.683467E-03,   0.666008E-03]                           ,
            "unpack"    :[   0.175022E-02,   0.124174E-02]                           ,
            "hooks"     :[   0.117990E-01,   0.116018E-01]                           ,
            "aux"       :[   0.000000E+00,   0.000000E+00]                           ,
 "foo":"0"
 }
