 {
            "total"     :  0.182829E+01,
            "predictor" :  0.362569E+00,
            "block"     :  0.144841E+01,
            "iteration" :  0.976064E+00,
            "sweep"     :[   0.503022E+00,   0.749939E+00]                           ,
            "feval"     :[   0.286375E-01,   0.364193E-01]                           ,
            "fcomp"     :[   0.478336E+00,   0.732088E+00]                           ,
            "residual"  :[   0.605324E-02,   0.112167E-01]                           ,
            "interp"    :[   0.000000E+00,   0.305661E-01]                           ,
            "restrict"  :[   0.000000E+00,   0.215397E-01]                           ,
            "broadcast" :[   0.127352E-02,   0.000000E+00]                           ,
            "receive"   :[   0.120688E+00,   0.000000E+00]                           ,
            "send"      :[   0.000000E+00,   0.000000E+00]                           ,
            "wait"      :[   0.168400E-04,   0.503490E-04]                           ,
            "pack"      :[   0.000000E+00,   0.000000E+00]                           ,
            "unpack"    :[   0.768478E-03,   0.596003E-03]                           ,
            "hooks"     :[   0.418081E-02,   0.410621E-02]                           ,
            "aux"       :[   0.000000E+00,   0.000000E+00]                           ,
 "foo":"0"
 }
