 {
            "total"     :  0.705411E+01,
            "predictor" :  0.629874E+00,
            "block"     :  0.702242E+01,
            "iteration" :  0.298922E+01,
            "sweep"     :[   0.113271E+01,   0.258633E+01]                           ,
            "feval"     :[   0.962948E-01,   0.123856E+00]                           ,
            "fcomp"     :[   0.108568E+01,   0.250940E+01]                           ,
            "residual"  :[   0.134758E-01,   0.448180E-01]                           ,
            "interp"    :[   0.000000E+00,   0.104218E+00]                           ,
            "restrict"  :[   0.000000E+00,   0.994638E-01]                           ,
            "broadcast" :[   0.439358E+00,   0.000000E+00]                           ,
            "receive"   :[   0.000000E+00,   0.000000E+00]                           ,
            "send"      :[   0.102122E-01,   0.104351E-02]                           ,
            "wait"      :[   0.873940E-04,   0.129661E-03]                           ,
            "pack"      :[   0.310678E-02,   0.274930E-02]                           ,
            "unpack"    :[   0.000000E+00,   0.000000E+00]                           ,
            "hooks"     :[   0.158879E-01,   0.157187E-01]                           ,
            "aux"       :[   0.000000E+00,   0.000000E+00]                           ,
 "foo":"0"
 }
