 {
            "total"     :  0.953545E+00,
            "predictor" :  0.120305E+00,
            "block"     :  0.628332E+00,
            "iteration" :  0.454214E+00,
            "sweep"     :[   0.202567E+00,   0.379164E+00]                           ,
            "feval"     :[   0.122751E-01,   0.167530E-01]                           ,
            "fcomp"     :[   0.195155E+00,   0.370627E+00]                           ,
            "residual"  :[   0.253779E-02,   0.564395E-02]                           ,
            "interp"    :[   0.000000E+00,   0.185045E-01]                           ,
            "restrict"  :[   0.000000E+00,   0.139623E-01]                           ,
            "broadcast" :[   0.272038E-01,   0.000000E+00]                           ,
            "receive"   :[   0.463173E-02,   0.000000E+00]                           ,
            "send"      :[   0.823578E-03,   0.107442E-03]                           ,
            "wait"      :[   0.245360E-04,   0.356350E-04]                           ,
            "pack"      :[   0.503459E-03,   0.485432E-03]                           ,
            "unpack"    :[   0.277115E-03,   0.382007E-03]                           ,
            "hooks"     :[   0.223704E-02,   0.206394E-02]                           ,
            "aux"       :[   0.000000E+00,   0.000000E+00]                           ,
 "foo":"0"
 }
